-- phpMyAdmin SQL Dump
-- version 5.1.3
-- https://www.phpmyadmin.net/
--
-- Host: 127.0.0.1
-- Generation Time: Sep 27, 2022 at 04:26 AM
-- Server version: 10.4.24-MariaDB
-- PHP Version: 8.1.5

SET SQL_MODE = "NO_AUTO_VALUE_ON_ZERO";
START TRANSACTION;
SET time_zone = "+00:00";

--
-- Database: `ci_fms_db`
--

-- --------------------------------------------------------

--
-- Table structure for table `all_payments_tbl`
--

CREATE TABLE `all_payments_tbl` (
  `ID` int(11) NOT NULL,
  `STUDENT` int(11) NOT NULL,
  `AMOUNT_PAID` int(11) NOT NULL,
  `EXPIRE_DATE` date NOT NULL,
  `ALERT` tinyint(1) NOT NULL,
  `SESSION` varchar(100) NOT NULL,
  `CLASS` int(11) NOT NULL,
  `TERM` int(11) NOT NULL,
  `CREATION_DATE` timestamp NOT NULL DEFAULT current_timestamp()
) ENGINE=InnoDB DEFAULT CHARSET=latin1;

--
-- Dumping data for table `all_payments_tbl`
--

INSERT INTO `all_payments_tbl` (`ID`, `STUDENT`, `AMOUNT_PAID`, `EXPIRE_DATE`, `ALERT`, `SESSION`, `CLASS`, `TERM`, `CREATION_DATE`) VALUES
(1, 1, 1250, '2022-12-15', 0, '2022-2023', 1, 1, '2022-09-27 01:43:53'),
(2, 1, 1250, '2022-09-27', 1, '2022-2023', 1, 2, '2022-09-27 01:44:24'),
(3, 2, 1250, '2022-09-27', 0, '2022-2023', 2, 3, '2022-09-27 02:00:52');

-- --------------------------------------------------------

--
-- Table structure for table `ci_sessions`
--

CREATE TABLE `ci_sessions` (
  `id` varchar(128) NOT NULL,
  `ip_address` varchar(45) NOT NULL,
  `timestamp` int(10) UNSIGNED NOT NULL DEFAULT 0,
  `data` blob NOT NULL
) ENGINE=InnoDB DEFAULT CHARSET=latin1;

--
-- Dumping data for table `ci_sessions`
--

INSERT INTO `ci_sessions` (`id`, `ip_address`, `timestamp`, `data`) VALUES
('ppljvc2nv9tav18k14n5g6dgc53jvl4l', '::1', 1664240186, 0x5f5f63695f6c6173745f726567656e65726174657c693a313636343234303138363b6c6f67696e5f69647c733a313a2233223b6c6f67696e5f656d61696c7c733a31353a2261646d696e40676d61696c2e636f6d223b6c6f67696e5f6e616d657c733a31333a2241646d696e6973747261746f72223b6c6f67696e5f707269767c733a353a2261646d696e223b6c6f67696e5f636865636b7c733a363a22676f40796573223b636f6d706c657465647c733a32393a22416374696f6e20436f6d706c65746564205375636365737366756c6c79223b5f5f63695f766172737c613a313a7b733a393a22636f6d706c65746564223b733a333a226f6c64223b7d),
('i3aqjfb38ih3cfo6ej3nvgpljnc9ad1v', '::1', 1664240655, 0x5f5f63695f6c6173745f726567656e65726174657c693a313636343234303635353b6c6f67696e5f69647c733a313a2233223b6c6f67696e5f656d61696c7c733a31353a2261646d696e40676d61696c2e636f6d223b6c6f67696e5f6e616d657c733a31333a2241646d696e6973747261746f72223b6c6f67696e5f707269767c733a353a2261646d696e223b6c6f67696e5f636865636b7c733a363a22676f40796573223b),
('ehh65uqmarncdct3jke9qanpa87gajp7', '::1', 1664241077, 0x5f5f63695f6c6173745f726567656e65726174657c693a313636343234313037373b6c6f67696e5f69647c733a313a2233223b6c6f67696e5f656d61696c7c733a31353a2261646d696e40676d61696c2e636f6d223b6c6f67696e5f6e616d657c733a31333a2241646d696e6973747261746f72223b6c6f67696e5f707269767c733a353a2261646d696e223b6c6f67696e5f636865636b7c733a363a22676f40796573223b),
('gvqkf2r9ggt8vknlgl4j6oc6laibrumg', '::1', 1664241393, 0x5f5f63695f6c6173745f726567656e65726174657c693a313636343234313339333b6c6f67696e5f69647c733a313a2233223b6c6f67696e5f656d61696c7c733a31353a2261646d696e40676d61696c2e636f6d223b6c6f67696e5f6e616d657c733a31333a2241646d696e6973747261746f72223b6c6f67696e5f707269767c733a353a2261646d696e223b6c6f67696e5f636865636b7c733a363a22676f40796573223b),
('11ift036lg5706g1vlio67deodi2dogu', '::1', 1664242081, 0x5f5f63695f6c6173745f726567656e65726174657c693a313636343234323038313b6c6f67696e5f69647c733a313a2233223b6c6f67696e5f656d61696c7c733a31353a2261646d696e40676d61696c2e636f6d223b6c6f67696e5f6e616d657c733a31333a2241646d696e6973747261746f72223b6c6f67696e5f707269767c733a353a2261646d696e223b6c6f67696e5f636865636b7c733a363a22676f40796573223b),
('8l1vlerpt9fkpe2k3n64n7s2ce627hs9', '::1', 1664242391, 0x5f5f63695f6c6173745f726567656e65726174657c693a313636343234323339313b6c6f67696e5f69647c733a313a2233223b6c6f67696e5f656d61696c7c733a31353a2261646d696e40676d61696c2e636f6d223b6c6f67696e5f6e616d657c733a31333a2241646d696e6973747261746f72223b6c6f67696e5f707269767c733a353a2261646d696e223b6c6f67696e5f636865636b7c733a363a22676f40796573223b636f6d706c657465647c733a32393a22416374696f6e20436f6d706c65746564205375636365737366756c6c79223b5f5f63695f766172737c613a313a7b733a393a22636f6d706c65746564223b733a333a226f6c64223b7d),
('rpipslvv3dmhkb23df2kj93ucg675uj6', '::1', 1664243006, 0x5f5f63695f6c6173745f726567656e65726174657c693a313636343234333030363b6c6f67696e5f69647c733a313a2233223b6c6f67696e5f656d61696c7c733a31343a2261646d696e406d61696c2e636f6d223b6c6f67696e5f6e616d657c733a31333a2241646d696e6973747261746f72223b6c6f67696e5f707269767c733a353a2261646d696e223b6c6f67696e5f636865636b7c733a363a22676f40796573223b),
('skpdmr4rbppm0gtl4bqio3dnj2ctcog0', '::1', 1664243354, 0x5f5f63695f6c6173745f726567656e65726174657c693a313636343234333335343b6c6f67696e5f69647c733a313a2233223b6c6f67696e5f656d61696c7c733a31343a2261646d696e406d61696c2e636f6d223b6c6f67696e5f6e616d657c733a31333a2241646d696e6973747261746f72223b6c6f67696e5f707269767c733a353a2261646d696e223b6c6f67696e5f636865636b7c733a363a22676f40796573223b),
('63mhdvbblqleqin4mc4pbt5utb4uusq9', '::1', 1664243655, 0x5f5f63695f6c6173745f726567656e65726174657c693a313636343234333635353b6c6f67696e5f69647c733a313a2233223b6c6f67696e5f656d61696c7c733a31343a2261646d696e406d61696c2e636f6d223b6c6f67696e5f6e616d657c733a31333a2241646d696e6973747261746f72223b6c6f67696e5f707269767c733a353a2261646d696e223b6c6f67696e5f636865636b7c733a363a22676f40796573223b),
('tebrat587oa7tq8k3m12820du7qdqf2j', '::1', 1664243990, 0x5f5f63695f6c6173745f726567656e65726174657c693a313636343234333939303b6c6f67696e5f69647c733a313a2233223b6c6f67696e5f656d61696c7c733a31343a2261646d696e406d61696c2e636f6d223b6c6f67696e5f6e616d657c733a31333a2241646d696e6973747261746f72223b6c6f67696e5f707269767c733a353a2261646d696e223b6c6f67696e5f636865636b7c733a363a22676f40796573223b),
('24eddi8qiocumbvo1j28mh96ql8rcv7k', '::1', 1664244448, 0x5f5f63695f6c6173745f726567656e65726174657c693a313636343234343434383b6c6f67696e5f69647c733a313a2231223b6c6f67696e5f656d61696c7c733a31333a226a646f65406d61696c2e636f6d223b6c6f67696e5f6e616d657c733a383a224a6f686e20446f65223b6c6f67696e5f70686f6e657c733a31313a223039313233343536373839223b6c6f67696e5f636865636b7c733a393a22676f40706172656e74223b),
('168ucu89egbvcdgepcbc8s8lbv9nqck7', '::1', 1664245067, 0x5f5f63695f6c6173745f726567656e65726174657c693a313636343234353036373b),
('nqle97bhbmieb7jt2141dih414tml0os', '::1', 1664245414, 0x5f5f63695f6c6173745f726567656e65726174657c693a313636343234353431343b6c6f67696e5f69647c733a313a2233223b6c6f67696e5f656d61696c7c733a31343a2261646d696e406d61696c2e636f6d223b6c6f67696e5f6e616d657c733a31333a2241646d696e6973747261746f72223b6c6f67696e5f707269767c733a353a2261646d696e223b6c6f67696e5f636865636b7c733a363a22676f40796573223b),
('g3tce5ujdq1g57nbmb9ais89k4jve8o7', '::1', 1664245526, 0x5f5f63695f6c6173745f726567656e65726174657c693a313636343234353437303b6c6f67696e5f69647c733a313a2231223b6c6f67696e5f656d61696c7c733a31333a226a646f65406d61696c2e636f6d223b6c6f67696e5f6e616d657c733a383a224a6f686e20446f65223b6c6f67696e5f70686f6e657c733a31313a223039313233343536373839223b6c6f67696e5f636865636b7c733a393a22676f40706172656e74223b);

-- --------------------------------------------------------

--
-- Table structure for table `class_tbl`
--

CREATE TABLE `class_tbl` (
  `ID` int(11) NOT NULL,
  `NAME` varchar(100) NOT NULL,
  `FEES` int(11) NOT NULL,
  `SESSION` varchar(100) NOT NULL,
  `CREATION_DATE` timestamp NOT NULL DEFAULT current_timestamp()
) ENGINE=InnoDB DEFAULT CHARSET=latin1;

--
-- Dumping data for table `class_tbl`
--

INSERT INTO `class_tbl` (`ID`, `NAME`, `FEES`, `SESSION`, `CREATION_DATE`) VALUES
(1, 'Grade 1', 2500, '2022-2023', '2022-09-27 01:29:52'),
(2, 'Grade 2', 2500, '2022-2023', '2022-09-27 01:30:05'),
(3, 'Grade 3', 3000, '2022-2023', '2022-09-27 01:30:14');

-- --------------------------------------------------------

--
-- Table structure for table `parent_tbl`
--

CREATE TABLE `parent_tbl` (
  `ID` int(11) NOT NULL,
  `NAME` varchar(200) NOT NULL,
  `PHONE` varchar(100) NOT NULL,
  `ADDRESS` varchar(200) NOT NULL,
  `EMAIL` varchar(150) NOT NULL,
  `PASSWORD` varchar(150) NOT NULL,
  `CREATION_DATE` timestamp NOT NULL DEFAULT current_timestamp()
) ENGINE=InnoDB DEFAULT CHARSET=latin1;

--
-- Dumping data for table `parent_tbl`
--

INSERT INTO `parent_tbl` (`ID`, `NAME`, `PHONE`, `ADDRESS`, `EMAIL`, `PASSWORD`, `CREATION_DATE`) VALUES
(1, 'John Doe', '09123456789', 'Sample Address', 'jdoe@mail.com', '9c86d448e84d4ba23eb089e0b5160207', '2022-09-27 01:35:35');

-- --------------------------------------------------------

--
-- Table structure for table `payment_tbl`
--

CREATE TABLE `payment_tbl` (
  `ID` int(11) NOT NULL,
  `STUDENT` int(11) NOT NULL,
  `TOTAL_AMOUNT` int(11) NOT NULL,
  `AMOUNT_PAID` int(11) NOT NULL,
  `AMOUNT_PENDING` int(11) NOT NULL,
  `SESSION` varchar(100) NOT NULL
) ENGINE=InnoDB DEFAULT CHARSET=latin1;

--
-- Dumping data for table `payment_tbl`
--

INSERT INTO `payment_tbl` (`ID`, `STUDENT`, `TOTAL_AMOUNT`, `AMOUNT_PAID`, `AMOUNT_PENDING`, `SESSION`) VALUES
(1, 1, 2500, 2500, 0, '2022-2023'),
(2, 2, 2500, 1250, 1250, '2022-2023');

-- --------------------------------------------------------

--
-- Table structure for table `settings_tbl`
--

CREATE TABLE `settings_tbl` (
  `ID` int(11) NOT NULL,
  `NAME` varchar(100) NOT NULL,
  `ADDRESS` varchar(200) NOT NULL,
  `PHONE` varchar(100) NOT NULL,
  `SESSION` varchar(100) NOT NULL,
  `BANK` varchar(200) NOT NULL,
  `ACC_NAME` varchar(150) NOT NULL,
  `ACC_NUMBER` varchar(100) NOT NULL,
  `CREATION_DATE` timestamp NOT NULL DEFAULT current_timestamp()
) ENGINE=InnoDB DEFAULT CHARSET=latin1;

--
-- Dumping data for table `settings_tbl`
--

INSERT INTO `settings_tbl` (`ID`, `NAME`, `ADDRESS`, `PHONE`, `SESSION`, `BANK`, `ACC_NAME`, `ACC_NUMBER`, `CREATION_DATE`) VALUES
(1, 'Our Best School', '14 Street, There City, Anywhere, 2306', '09123456987', '2022-2023', 'ABC Bank', 'Our Best School', '123456789874', '2019-08-25 17:04:27');

-- --------------------------------------------------------

--
-- Table structure for table `student`
--

CREATE TABLE `student` (
  `ID` int(11) NOT NULL,
  `PARENT` int(11) NOT NULL,
  `NAME` varchar(200) NOT NULL,
  `CLASS` int(11) NOT NULL,
  `SESSION` varchar(100) NOT NULL,
  `CREATION_DATE` timestamp NOT NULL DEFAULT current_timestamp()
) ENGINE=InnoDB DEFAULT CHARSET=latin1;

--
-- Dumping data for table `student`
--

INSERT INTO `student` (`ID`, `PARENT`, `NAME`, `CLASS`, `SESSION`, `CREATION_DATE`) VALUES
(1, 1, 'Zen Doe', 1, '2022-2023', '2022-09-27 01:39:11'),
(2, 1, 'Jane Doe', 2, '2022-2023', '2022-09-27 01:40:50');

-- --------------------------------------------------------

--
-- Table structure for table `term_tbl`
--

CREATE TABLE `term_tbl` (
  `ID` int(11) NOT NULL,
  `CLASS_ID` int(11) NOT NULL,
  `NAME` varchar(100) NOT NULL,
  `FEES` int(11) NOT NULL,
  `SESSION` varchar(100) NOT NULL,
  `CREATION_DATE` timestamp NOT NULL DEFAULT current_timestamp()
) ENGINE=InnoDB DEFAULT CHARSET=latin1;

--
-- Dumping data for table `term_tbl`
--

INSERT INTO `term_tbl` (`ID`, `CLASS_ID`, `NAME`, `FEES`, `SESSION`, `CREATION_DATE`) VALUES
(1, 1, 'First Semester', 1250, '2022-2023', '2022-09-27 01:30:56'),
(2, 1, 'Second Semester', 1250, '2022-2023', '2022-09-27 01:31:13'),
(3, 2, 'First Semester', 1250, '2022-2023', '2022-09-27 01:31:24'),
(4, 2, 'Second Semester', 1250, '2022-2023', '2022-09-27 01:31:40'),
(5, 3, 'First Semester', 1500, '2022-2023', '2022-09-27 01:32:25'),
(6, 3, 'Second Semester', 1500, '2022-2023', '2022-09-27 01:32:39');

-- --------------------------------------------------------

--
-- Table structure for table `users_tbl`
--

CREATE TABLE `users_tbl` (
  `ID` int(11) NOT NULL,
  `NAME` varchar(200) NOT NULL,
  `EMAIL` varchar(100) NOT NULL,
  `PASSWORD` varchar(200) NOT NULL,
  `PRIV` varchar(100) NOT NULL,
  `CREATION_DATE` timestamp NOT NULL DEFAULT current_timestamp()
) ENGINE=InnoDB DEFAULT CHARSET=latin1;

--
-- Dumping data for table `users_tbl`
--

INSERT INTO `users_tbl` (`ID`, `NAME`, `EMAIL`, `PASSWORD`, `PRIV`, `CREATION_DATE`) VALUES
(3, 'Administrator', 'admin@mail.com', '0192023a7bbd73250516f069df18b500', 'admin', '2019-09-02 13:36:20');

--
-- Indexes for dumped tables
--

--
-- Indexes for table `all_payments_tbl`
--
ALTER TABLE `all_payments_tbl`
  ADD PRIMARY KEY (`ID`);

--
-- Indexes for table `class_tbl`
--
ALTER TABLE `class_tbl`
  ADD PRIMARY KEY (`ID`);

--
-- Indexes for table `parent_tbl`
--
ALTER TABLE `parent_tbl`
  ADD PRIMARY KEY (`ID`);

--
-- Indexes for table `payment_tbl`
--
ALTER TABLE `payment_tbl`
  ADD PRIMARY KEY (`ID`);

--
-- Indexes for table `settings_tbl`
--
ALTER TABLE `settings_tbl`
  ADD PRIMARY KEY (`ID`);

--
-- Indexes for table `student`
--
ALTER TABLE `student`
  ADD PRIMARY KEY (`ID`);

--
-- Indexes for table `term_tbl`
--
ALTER TABLE `term_tbl`
  ADD PRIMARY KEY (`ID`);

--
-- Indexes for table `users_tbl`
--
ALTER TABLE `users_tbl`
  ADD PRIMARY KEY (`ID`);

--
-- AUTO_INCREMENT for dumped tables
--

--
-- AUTO_INCREMENT for table `all_payments_tbl`
--
ALTER TABLE `all_payments_tbl`
  MODIFY `ID` int(11) NOT NULL AUTO_INCREMENT, AUTO_INCREMENT=4;

--
-- AUTO_INCREMENT for table `class_tbl`
--
ALTER TABLE `class_tbl`
  MODIFY `ID` int(11) NOT NULL AUTO_INCREMENT, AUTO_INCREMENT=5;

--
-- AUTO_INCREMENT for table `parent_tbl`
--
ALTER TABLE `parent_tbl`
  MODIFY `ID` int(11) NOT NULL AUTO_INCREMENT, AUTO_INCREMENT=2;

--
-- AUTO_INCREMENT for table `payment_tbl`
--
ALTER TABLE `payment_tbl`
  MODIFY `ID` int(11) NOT NULL AUTO_INCREMENT, AUTO_INCREMENT=3;

--
-- AUTO_INCREMENT for table `settings_tbl`
--
ALTER TABLE `settings_tbl`
  MODIFY `ID` int(11) NOT NULL AUTO_INCREMENT, AUTO_INCREMENT=2;

--
-- AUTO_INCREMENT for table `student`
--
ALTER TABLE `student`
  MODIFY `ID` int(11) NOT NULL AUTO_INCREMENT, AUTO_INCREMENT=3;

--
-- AUTO_INCREMENT for table `term_tbl`
--
ALTER TABLE `term_tbl`
  MODIFY `ID` int(11) NOT NULL AUTO_INCREMENT, AUTO_INCREMENT=8;

--
-- AUTO_INCREMENT for table `users_tbl`
--
ALTER TABLE `users_tbl`
  MODIFY `ID` int(11) NOT NULL AUTO_INCREMENT, AUTO_INCREMENT=6;
COMMIT;
